{
  "epoch": 3.0,
  "eval_accuracy": 0.3534591194968553,
  "eval_error_f1": 0.5223048327137546,
  "eval_error_precision": 0.3534591194968553,
  "eval_error_recall": 1.0,
  "eval_loss": NaN,
  "eval_runtime": 2.8525,
  "eval_samples_per_second": 1114.828,
  "eval_steps_per_second": 8.764
}